"账单号","ST-f04195c854fc4b39966a14d40cfe48fd"
"版本","1"
"主体","demo-external"
"币种","CNY"
"业务范围","jiazheng"
"支付范围","wechat_mini"
"合同筛选","全部已纳入范围的合同"
"账期开始(UTC)","2026-08-31 16:00:00.000"
"账期结束(UTC，半开)","2026-09-30 16:00:00.000"
"统计截止(UTC)","2026-10-01 20:08:36.533"
"核对状态","PENDING"
"覆盖状态","PARTIAL"
"出具状态","ISSUED"
"order_count","4"
"accrued_minor","0"
"closing_minor","0"
"opening_minor","0"
"reduced_minor","0"
"conflict_count","0"
"unmatched_count","0"
"discharged_minor","0"
"external_net_minor","0"
"bank_returned_minor","0"
"split_returned_minor","0"
"unknown_amount_count","4"
"verified_refund_minor","0"
"reported_payment_minor","0"
"verified_payment_minor","0"
"external_return_due_minor","0"
"external_payable_accrued_minor","0"
"external_payable_opening_minor","0"
"external_payable_reduced_minor","0"
"external_payable_settled_minor","0"
"recovery_payable_accrued_minor","0"
"recovery_payable_opening_minor","0"
"recovery_payable_reduced_minor","0"
"recovery_payable_recovered_minor","0"
"external_commission_accrued_minor","0"
"external_commission_opening_minor","0"
"external_commission_reduced_minor","0"
"external_payable_return_due_minor","0"
"external_receivable_accrued_minor","0"
"external_receivable_opening_minor","0"
"external_receivable_reduced_minor","0"
"external_receivable_settled_minor","0"
"recovery_receivable_accrued_minor","0"
"recovery_receivable_opening_minor","0"
"recovery_receivable_reduced_minor","0"
"external_commission_received_minor","0"
"external_payable_outstanding_minor","0"
"recovery_payable_outstanding_minor","0"
"recovery_receivable_recovered_minor","0"
"external_receivable_return_due_minor","0"
"external_commission_outstanding_minor","0"
"external_receivable_outstanding_minor","0"
"recovery_receivable_outstanding_minor","0"

"明细标识","记录类型","业务","支付渠道","执行范围","订单号","事实类型","金额(最小单位)","币种","核验状态","实际发生时间","接收时间","债务方向","债务主体","债权主体","说明","追偿编号","追偿类型","原追偿本金(最小单位)","追偿创建前已回收(最小单位)"
"external:17a09405-b594-47d5-95e8-5974358b29c3","EXTERNAL_TRADE","jiazheng","wechat_mini","EXTERNAL_RECORD_ONLY","DEMO-EXT-PENDING","ORDER_STATUS","","","PENDING_EVIDENCE","","2026-10-01 20:08:36.397","","","","商户或历史报送，待核验","","","",""
"external:17e310f1-37b7-4712-8393-fe6105e33458","EXTERNAL_TRADE","jiazheng","wechat_mini","EXTERNAL_RECORD_ONLY","DEMO-EXT-PAID","PAYMENT","20000","","PENDING_EVIDENCE","","2026-10-01 20:08:36.385","","","","商户或历史报送，待核验","","","",""
"external:1ab50787-af3e-4de4-9d48-45e58b137049","EXTERNAL_TRADE","jiazheng","wechat_mini","EXTERNAL_RECORD_ONLY","DEMO-EXT-WALKTHROUGH","ORDER_STATUS","","","PENDING_EVIDENCE","","2026-10-01 20:08:36.419","","","","商户或历史报送，待核验","","","",""
"external:1b8d64f6-14ca-4348-a311-38eaf3221b6b","EXTERNAL_TRADE","jiazheng","wechat_mini","EXTERNAL_RECORD_ONLY","DEMO-EXT-UNKNOWN","ORDER_STATUS","","","PENDING_EVIDENCE","","2026-10-01 20:08:36.405","","","","商户或历史报送，待核验","","","",""
"external:69cacfc7-6522-4c85-a73a-32f26756936c","EXTERNAL_TRADE","jiazheng","wechat_mini","EXTERNAL_RECORD_ONLY","DEMO-EXT-PAID","FULFILLMENT","","","PENDING_EVIDENCE","","2026-10-01 20:08:36.390","","","","商户或历史报送，待核验","","","",""
"external:c1e2eca4-6fbf-48bc-bf84-68c5e174d8e2","EXTERNAL_TRADE","jiazheng","wechat_mini","EXTERNAL_RECORD_ONLY","DEMO-EXT-UNKNOWN","FULFILLMENT","","","PENDING_EVIDENCE","","2026-10-01 20:08:36.411","","","","商户或历史报送，待核验","","","",""
"external:f27c0461-e2e7-496d-873e-79ad332d0058","EXTERNAL_TRADE","jiazheng","wechat_mini","EXTERNAL_RECORD_ONLY","DEMO-EXT-PAID","ORDER_STATUS","","","PENDING_EVIDENCE","","2026-10-01 20:08:36.341","","","","商户或历史报送，待核验","","","",""
"order:0a662af6-457c-4392-9e29-3d22d8a94461","ORDER_COVERAGE","jiazheng","wechat_mini","EXTERNAL_RECORD_ONLY","DEMO-EXT-WALKTHROUGH","","","","PENDING_EVIDENCE","2026-09-09 04:00:00.000","2026-09-09 04:00:00.000","","","","订单状态 pending；订单状态不是收款或结算事实","","","",""
"order:412003b8-b238-4a97-9e42-1df48f86a263","ORDER_COVERAGE","jiazheng","wechat_mini","EXTERNAL_RECORD_ONLY","DEMO-EXT-PENDING","","","","PENDING_EVIDENCE","2026-09-09 04:00:00.000","2026-09-09 04:00:00.000","","","","订单状态 pending；订单状态不是收款或结算事实","","","",""
"order:bfa3dba1-23ba-4857-ba57-10ff56782142","ORDER_COVERAGE","jiazheng","wechat_mini","EXTERNAL_RECORD_ONLY","DEMO-EXT-PAID","","","","PENDING_EVIDENCE","2026-09-09 04:00:00.000","2026-09-09 04:00:00.000","","","","订单状态 completed；订单状态不是收款或结算事实","","","",""
"order:e21da5e3-a302-4b97-9398-abcfb85c114d","ORDER_COVERAGE","jiazheng","wechat_mini","EXTERNAL_RECORD_ONLY","DEMO-EXT-UNKNOWN","","","","PENDING_EVIDENCE","2026-09-09 04:00:00.000","2026-09-09 04:00:00.000","","","","订单状态 completed；订单状态不是收款或结算事实","","","",""