"账单号","ST-a93f23dc90fa4582aab768d25bfad7a0"
"版本","2"
"主体","demo-stay"
"币种","CNY"
"业务范围","booking"
"支付范围","offline,pay_center"
"合同筛选","全部已纳入范围的合同"
"账期开始(UTC)","2026-08-31 16:00:00.000"
"账期结束(UTC，半开)","2026-10-31 16:00:00.000"
"统计截止(UTC)","2026-10-01 21:40:37.899"
"核对状态","PENDING"
"覆盖状态","PARTIAL"
"出具状态","ISSUED"
"order_count","7"
"accrued_minor","780660"
"closing_minor","735840"
"opening_minor","0"
"reduced_minor","0"
"conflict_count","0"
"unmatched_count","0"
"discharged_minor","44820"
"external_net_minor","0"
"bank_returned_minor","0"
"split_returned_minor","0"
"unknown_amount_count","0"
"verified_refund_minor","0"
"reported_payment_minor","0"
"verified_payment_minor","0"
"external_return_due_minor","0"
"external_payable_accrued_minor","0"
"external_payable_opening_minor","0"
"external_payable_reduced_minor","0"
"external_payable_settled_minor","0"
"recovery_payable_accrued_minor","0"
"recovery_payable_opening_minor","0"
"recovery_payable_reduced_minor","0"
"recovery_payable_recovered_minor","0"
"external_commission_accrued_minor","0"
"external_commission_opening_minor","0"
"external_commission_reduced_minor","0"
"external_payable_return_due_minor","0"
"external_receivable_accrued_minor","0"
"external_receivable_opening_minor","0"
"external_receivable_reduced_minor","0"
"external_receivable_settled_minor","0"
"recovery_receivable_accrued_minor","0"
"recovery_receivable_opening_minor","0"
"recovery_receivable_reduced_minor","0"
"external_commission_received_minor","0"
"external_payable_outstanding_minor","0"
"recovery_payable_outstanding_minor","0"
"recovery_receivable_recovered_minor","0"
"external_receivable_return_due_minor","0"
"external_commission_outstanding_minor","0"
"external_receivable_outstanding_minor","0"
"recovery_receivable_outstanding_minor","0"

"明细标识","记录类型","业务","支付渠道","执行范围","订单号","事实类型","金额(最小单位)","币种","核验状态","实际发生时间","接收时间","债务方向","债务主体","债权主体","说明","追偿编号","追偿类型","原追偿本金(最小单位)","追偿创建前已回收(最小单位)","入住日期","订单离店日期","预订间数","预订品类","下单房费(最小单位，非收款)","锁定佣金(最小单位，非实收)","预订状态","支付状态"
"booking-order:146fc403-cbfb-4e1f-bc4d-e17d6246f5d5","BOOKING_ORDER","booking","offline","EXTERNAL_RECORD_ONLY","DEMO-STAY-CANCELLED","","","CNY","PENDING_EVIDENCE","2026-09-20 02:00:00","2026-10-01 20:45:21","","","","按订单离店日期 2026-10-02；订单状态 cancelled；房费及佣金为下单快照，收付款以资金流水为准","","","","","2026-09-30","2026-10-02","1","","59800","5980","cancelled","offline"
"booking-order:3486e754-4cd8-4598-9d2a-5f432c674d5e","BOOKING_ORDER","booking","pay_center","INTERNAL_FUNDED","DEMO-STAY-REVIEW","","","CNY","ORDER_RECORDED","2026-09-20 02:00:00","2026-10-01 20:45:21","","","","按订单离店日期 2026-09-28；订单状态 confirmed；房费及佣金为下单快照，收付款以资金流水为准","","","","","2026-09-26","2026-09-28","1","","189800","18980","confirmed","paid"
"booking-order:78050c4e-4261-443a-8361-c9e32c880ccb","BOOKING_ORDER","booking","offline","EXTERNAL_RECORD_ONLY","DEMO-STAY-OFFLINE","","","CNY","PENDING_EVIDENCE","2026-09-20 02:00:00","2026-10-01 20:45:21","","","","按订单离店日期 2026-09-29；订单状态 confirmed；房费及佣金为下单快照，收付款以资金流水为准","","","","","2026-09-27","2026-09-29","1","","68800","6880","confirmed","offline"
"booking-order:7f7633ef-77c6-4ec2-87be-51934e883853","BOOKING_ORDER","booking","pay_center","INTERNAL_FUNDED","DEMO-STAY-WAITING","","","CNY","ORDER_RECORDED","2026-09-20 02:00:00","2026-10-01 20:45:21","","","","按订单离店日期 2026-10-01；订单状态 confirmed；房费及佣金为下单快照，收付款以资金流水为准","","","","","2026-09-29","2026-10-01","1","","129800","12980","confirmed","paid"
"booking-order:b712a6db-21b5-4156-a9a9-97b24bc9adbe","BOOKING_ORDER","booking","pay_center","INTERNAL_FUNDED","DEMO-STAY-BILLDAY","","","CNY","ORDER_RECORDED","2026-09-20 02:00:00","2026-10-01 21:35:02","","","","品类 长租；按订单离店日期 2026-10-01；订单状态 confirmed；房费及佣金为下单快照，收付款以资金流水为准","","","","","2026-09-29","2026-10-01","1","长租","498000","49800","confirmed","paid"
"booking-order:bdfc599d-0d6c-4b20-bfe6-eec88c3c7f08","BOOKING_ORDER","booking","pay_center","INTERNAL_FUNDED","DEMO-STAY-STAYING","","","CNY","ORDER_RECORDED","2026-09-20 02:00:00","2026-10-01 20:45:21","","","","按订单离店日期 2026-10-04；订单状态 confirmed；房费及佣金为下单快照，收付款以资金流水为准","","","","","2026-10-02","2026-10-04","1","","89800","8980","confirmed","paid"
"booking-order:c23389b7-d316-4d1d-aca3-dba7d3ac4faf","BOOKING_ORDER","booking","pay_center","INTERNAL_FUNDED","DEMO-STAY-PAID","","","CNY","ORDER_RECORDED","2026-09-20 02:00:00","2026-10-01 20:45:19","","","","按订单离店日期 2026-09-26；订单状态 confirmed；房费及佣金为下单快照，收付款以资金流水为准","","","","","2026-09-24","2026-09-26","1","","49800","4980","confirmed","paid"
"execution:TRANSFER_SUCCEEDED:bae0ee4c-e273-4bfc-93d4-90c7ee0b3703","INTERNAL_DISCHARGE","booking","pay_center","INTERNAL_FUNDED","DEMO-STAY-PAID","TRANSFER_SUCCEEDED","44820","CNY","PROVIDER_CONFIRMED","2026-10-01 20:45:20.000","2026-10-01 20:45:20.000","PLATFORM_PAYABLE","","","机构资金结果，银行到账需另有证据","","","","","","","","","","","",""
"internal-item:75","INTERNAL_OBLIGATION","booking","pay_center","INTERNAL_FUNDED","DEMO-STAY-PAID","merchant","44820","CNY","BUSINESS_CONFIRMED","2026-10-01 20:45:19.000","2026-10-01 20:45:19.000","PLATFORM_PAYABLE","","","","","","","","","","","","","","",""
"internal-item:78","INTERNAL_OBLIGATION","booking","pay_center","INTERNAL_FUNDED","DEMO-STAY-REVIEW","merchant","170820","CNY","BUSINESS_CONFIRMED","2026-10-01 20:45:21.000","2026-10-01 20:45:21.000","PLATFORM_PAYABLE","","","","","","","","","","","","","","",""
"internal-item:81","INTERNAL_OBLIGATION","booking","pay_center","INTERNAL_FUNDED","DEMO-STAY-WAITING","merchant","116820","CNY","BUSINESS_CONFIRMED","2026-10-01 20:45:21.000","2026-10-01 20:45:21.000","PLATFORM_PAYABLE","","","","","","","","","","","","","","",""
"internal-item:84","INTERNAL_OBLIGATION","booking","pay_center","INTERNAL_FUNDED","DEMO-STAY-BILLDAY","merchant","448200","CNY","BUSINESS_CONFIRMED","2026-10-01 21:35:02.000","2026-10-01 21:35:02.000","PLATFORM_PAYABLE","","","","","","","","","","","","","","",""